Split,MSE,R^2,Sign_Accuracy
Training,0.08370386794702743,-3.6375744457269024,0.15321960194012377
Validation,0.08446241052448844,-3.5004486343787113,0.15550351288056205
Test,0.08380520510269099,-4.27754635600968,0.1530421216848674
